{
  "type": "minecraft:tree",
  "config": {
    "ignore_vines": true,
    "force_dirt": true,
    "minimum_size": {
      "type": "minecraft:two_layers_feature_size",
      "limit": 1,
      "lower_size": 0,
      "upper_size": 2
    },
    "dirt_provider": {
      "type": "minecraft:simple_state_provider",
      "state": {
        "Name": "minecraft:dirt"
      }
    },
    "trunk_provider": {
      "type": "minecraft:simple_state_provider",
      "state": {
        "Name": "vinery:apple_log",
        "Properties": {
          "axis": "y"
        }
      }
    },
    "foliage_provider": {
      "type": "minecraft:weighted_state_provider",
      "entries": [
        {
          "data": {
            "Name": "vinery:apple_leaves",
            "Properties": {
              "can_have_apples": "false",
              "distance": "7",
              "has_apples": "false",
              "persistent": "false",
              "waterlogged": "false"
            }
          },
          "weight": 10
        },
        {
          "data": {
            "Name": "vinery:apple_leaves",
            "Properties": {
              "can_have_apples": "true",
              "distance": "7",
              "has_apples": "false",
              "persistent": "false",
              "waterlogged": "false"
            }
          },
          "weight": 4
        },
        {
          "data": {
            "Name": "vinery:apple_leaves",
            "Properties": {
              "can_have_apples": "true",
              "distance": "7",
              "has_apples": "false",
              "persistent": "false",
              "waterlogged": "false"
            }
          },
          "weight": 2
        }
      ]
    },
    "trunk_placer": {
      "type": "minecraft:fancy_trunk_placer",
      "base_height": 16,
      "height_rand_a": 2,
      "height_rand_b": 5
    },
    "foliage_placer": {
      "type": "minecraft:blob_foliage_placer",
      "height": 3,
      "offset": 0,
      "radius": 2
    },
    "decorators": []
  }
}
