{
  "type": "minecraft:tree",
  "config": {
    "decorators": [],
    "dirt_provider": {
      "type": "minecraft:simple_state_provider",
      "state": {
        "Name": "minecraft:dirt"
      }
    },
    "foliage_placer": {
      "type": "minecraft:blob_foliage_placer",
      "height": 3,
      "offset": 0,
      "radius": 2
    },
    "foliage_provider": {
      "type": "minecraft:weighted_state_provider",
      "entries": [
        {
          "data": {
            "Name": "vinery:dark_cherry_leaves",
            "Properties": {
              "can_have_cherries": "false",
              "distance": "7",
              "has_cherries": "false",
              "persistent": "false",
              "waterlogged": "false"
            }
          },
          "weight": 10
        },
        {
          "data": {
            "Name": "vinery:dark_cherry_leaves",
            "Properties": {
              "can_have_cherries": "true",
              "distance": "7",
              "has_cherries": "false",
              "persistent": "false",
              "waterlogged": "false"
            }
          },
          "weight": 4
        },
        {
          "data": {
            "Name": "vinery:dark_cherry_leaves",
            "Properties": {
              "can_have_cherries": "true",
              "distance": "7",
              "has_cherries": "false",
              "persistent": "false",
              "waterlogged": "false"
            }
          },
          "weight": 2
        }
      ]
    },
    "force_dirt": false,
    "ignore_vines": true,
    "minimum_size": {
      "type": "minecraft:two_layers_feature_size",
      "limit": 1,
      "lower_size": 0,
      "upper_size": 1
    },
    "trunk_placer": {
      "type": "minecraft:straight_trunk_placer",
      "base_height": 5,
      "height_rand_a": 2,
      "height_rand_b": 0
    },
    "trunk_provider": {
      "type": "minecraft:simple_state_provider",
      "state": {
        "Name": "vinery:dark_cherry_log",
        "Properties": {
          "axis": "y"
        }
      }
    }
  }
}